cluster;probeID
1;cg22987448
1;cg15254671
1;cg05905531
1;cg08283130
2;cg11532431
2;cg00562553
2;cg23884241
2;cg22997113
2;cg04317399
2;cg07317062
2;cg19142026
2;cg11410718
2;cg16651126
2;cg11015251
2;cg17457637
2;cg03724423
2;cg06942814
2;cg08657492
2;cg04321618
2;cg14359292
2;cg25952581
2;cg24169822
2;cg17591595
3;cg02248486
3;cg25866143
3;cg01370449
3;cg04863892
3;cg19759481
3;cg12128839
3;cg02916332
3;cg17569124
3;cg02005600
3;cg25307665
3;cg14014955
3;cg02646423
3;cg20517050
3;cg23204968
3;cg14058329
4;cg13917964
4;cg21429551
4;cg03068497
4;cg16875104
4;cg19390658
5;cg22220710
5;cg03691722
5;cg05836043
5;cg19738980
6;cg02713669
6;cg25308803
6;cg07548255
6;cg04286823
7;cg05491854
7;cg08818610
7;cg15289427
8;cg19276111
8;cg24452347
8;cg26404511
8;cg03611151
8;cg07967717
9;cg26168643
9;cg16787483
9;cg24626752
9;cg09823859
9;cg05757365
9;cg17376609
9;cg00525681
9;cg02611934
9;cg24366314
10;cg04220104
10;cg19916659
10;cg17740434
11;cg05774699
11;cg26023912
11;cg14882265
11;cg17432857
11;cg00969405
11;cg07049592
11;cg02106682
12;cg20225999
12;cg07616871
12;cg05783384
12;cg04316429
13;cg09636302
13;cg22491680
13;cg27246571
13;cg15438951
13;cg25137372
14;cg16276982
14;cg09214243
14;cg12414681
15;cg03146625
15;cg15648389
15;cg16370398
16;cg12033288
16;cg15795305
16;cg18977541
17;cg20424335
17;cg01834979
17;cg23387569
17;cg14845962
18;cg05202654
18;cg21593409
18;cg05463589
19;cg26748578
19;cg19220282
19;cg00498211
19;cg20698421
20;cg09814127
20;cg18587137
20;cg10501093
21;cg27151303
21;cg05579037
21;cg21641458
21;cg09343092
21;cg24040595
22;cg17604655
22;cg03930209
22;cg27539527
22;cg12451836
23;cg06359132
23;cg20016023
23;cg08345082
24;cg11178337
24;cg06368300
24;cg09263059
25;cg23556923
25;cg12097883
25;cg17783086
26;cg17393635
26;cg16423910
26;cg01468567
27;cg13336690
27;cg23220637
27;cg27213800
27;cg15630950
28;cg15122841
28;cg19286774
28;cg08621673
29;cg25103895
29;cg01005506
29;cg12474798
30;cg07558761
30;cg02203067
30;cg07021906
31;cg00900933
31;cg07330481
31;cg09173348
31;cg06120399
32;cg03010887
32;cg03159676
32;cg16544989
33;cg04063345
33;cg15626350
33;cg00601836
34;cg12996100
34;cg08711378
34;cg08911368
34;cg16284953
35;cg04848343
35;cg02715602
35;cg16972240
36;cg07652628
36;cg14212748
36;cg04799958
37;cg07726288
37;cg08121453
37;cg06362358
38;cg25375916
38;cg03876340
38;cg15451248
39;cg00232832
39;cg04635635
39;cg23256343
40;cg16065768
40;cg11150683
40;cg02726930
41;cg03534375
41;cg11339849
41;cg15172734
42;cg06951627
42;cg11342453
42;cg03785755
