"","Clusternumber","cpg","CHR","MAPINFO","start_position","end_position","coordinate_37","chromosome","GSM2562771","GSM2562772","GSM2562773","GSM2562774","GSM2562775","GSM2562776","GSM2562777","GSM2562778","GSM2562779","GSM2562780","GSM2562781","GSM2562838","GSM2562839","GSM2562840","GSM2562841","GSM2562842","GSM2562843","GSM2562844","GSM2562845","GSM2562846","GSM2562847","GSM2562848"
"cg22987448",1,"cg22987448","19",8591364,8591364,8591776,8591364,"chr19",0.377024156404846,0.547203185000706,0.492777704895511,0.599848108346266,0.503375720322371,0.320477429207745,0.615469981239298,0.471913357613726,0.490311178973298,0.330261239456766,0.682849903074813,0.97810995017677,0.938796121719863,0.961016497492892,0.922693399761755,0.829363080410052,0.934940795703781,0.8891647568474,0.901629945176104,0.826338332199051,0.814914977420083,0.766291411235967
"cg15254671",1,"cg15254671","19",8591513,8591364,8591776,8591513,"chr19",0.359093788598946,0.583955170837372,0.499527481605152,0.590515164398959,0.470532485138552,0.412458318800812,0.581817667244079,0.453113256882619,0.52395747530503,0.344913241754962,0.642880144382965,0.957192230876374,0.906676065085876,0.945941175522268,0.929845816257844,0.821498267744903,0.919468795479025,0.852598679285768,0.86328980300815,0.789924366552732,0.822889417983956,0.781826740321861
"cg05905531",1,"cg05905531","19",8591721,8591364,8591776,8591721,"chr19",0.505994087328716,0.610528052734543,0.676405877183029,0.67676387123339,0.645126756419688,0.549653400916998,0.644907613963169,0.566944175036988,0.597575304821402,0.532094689162203,0.702733597325791,0.909340031895644,0.864265875693016,0.88891947025569,0.868653095112774,0.841370131103327,0.915785820985696,0.840980910208277,0.870765309004367,0.870605868813211,0.850722227165179,0.831453500611714
"cg08283130",1,"cg08283130","19",8591776,8591364,8591776,8591776,"chr19",0.436052309601098,0.558301476118527,0.531343264680247,0.633856802277833,0.575122950563317,0.484742583069223,0.639523143118886,0.507634833676065,0.534357771664536,0.441599396823565,0.725414968304593,0.936120092415507,0.914035542309349,0.936283802026723,0.925150365993144,0.813918044979377,0.893637680170868,0.850945762060832,0.852343818622737,0.814213332082911,0.834200328997238,0.79985572868206
"cg11532431",2,"cg11532431","7",27169674,27169674,27171051,27169674,"chr7",0.544945858851991,0.627561346943457,0.817504809777904,0.659450831703144,0.677185708002784,0.601228032413062,0.711248879682528,0.6404488111298,0.531301046760425,0.494681533372024,0.623725069508048,0.967101347902954,0.902852372643023,0.939512381454106,0.812698900095299,0.823114911192283,0.966361169253034,0.889061820477726,0.953452094821122,0.749176877255321,0.843476323833468,0.95841290798659
"cg00562553",2,"cg00562553","7",27169740,27169674,27171051,27169740,"chr7",0.659315144494542,0.720324143062115,0.767693468040902,0.673087842309524,0.665883723639461,0.691465420109556,0.689558411201354,0.66913446525802,0.640127955993371,0.565362157394398,0.676053736124798,0.902567237291138,0.844188954236073,0.891789191486873,0.775377481199659,0.804616512238023,0.902983449686708,0.856811354139984,0.868594120521166,0.739627842065468,0.786920976830391,0.855956998109531
"cg23884241",2,"cg23884241","7",27169957,27169674,27171051,27169957,"chr7",0.349771808784085,0.412479145352696,0.495437647041913,0.432143899477577,0.471408751346525,0.436667375771804,0.461073912037281,0.419198617059971,0.418189033432338,0.381603068299401,0.446898685768219,0.744526259052507,0.581962984019978,0.618308299003384,0.500206681994033,0.542729285363658,0.679517920219404,0.539304077581317,0.629083014154541,0.47597229851747,0.548609103074835,0.653260882375595
"cg22997113",2,"cg22997113","7",27170241,27169674,27171051,27170241,"chr7",0.214869529509456,0.432365718437725,0.493381515340912,0.439411006092302,0.331584841285281,0.34507721010132,0.41509076132499,0.366092141311679,0.357889993204664,0.224865863148223,0.366563709748064,0.849314150258156,0.688233991044821,0.722282967131412,0.468504535281466,0.581328975445372,0.748601848131701,0.612303795417858,0.70981743043177,0.47372132477876,0.580446644548126,0.799844322502651
"cg04317399",2,"cg04317399","7",27170313,27169674,27171051,27170313,"chr7",0.167506475486185,0.256811435603043,0.247876856753776,0.269012690956295,0.204024939133166,0.155389301780428,0.222794377262905,0.243123585086407,0.143100386735651,0.13875703835859,0.168158041362628,0.568793258912562,0.408230539759502,0.43153574029379,0.234929054211605,0.278243371417307,0.457856772189203,0.362537572285843,0.470129641928204,0.230178667182466,0.308321030325508,0.484433367503608
"cg07317062",2,"cg07317062","7",27170388,27169674,27171051,27170388,"chr7",0.126610051411042,0.220744782631486,0.26544297201549,0.276264721145722,0.204869860777137,0.146404040091834,0.242737772027578,0.223113941452061,0.155192418190961,0.104278628600046,0.200096639948411,0.64651269139789,0.454453336940041,0.54085955065749,0.261493738416367,0.341754945173652,0.52278476685454,0.402355859134023,0.538803723380066,0.244008817433373,0.363209772463487,0.583499626037279
"cg19142026",2,"cg19142026","7",27170394,27169674,27171051,27170394,"chr7",0.0370320965090681,0.0964160948646306,0.127165508521371,0.149472195192556,0.0739956059314694,0.0602580141763689,0.0925836602444714,0.0696535906352553,0.0471951137912184,0.0424884288491031,0.0714678278029738,0.698634287411012,0.330628831166234,0.495027484946293,0.0965191858346287,0.215003983698876,0.505663822646303,0.282159094238467,0.445759494800162,0.0704833223372599,0.224302857661655,0.48282341039245
"cg11410718",2,"cg11410718","7",27170412,27169674,27171051,27170412,"chr7",0.110077208392021,0.256809922857391,0.295306737442944,0.267495480264942,0.230471896899983,0.179641793346355,0.253628550123145,0.235188905210108,0.169125530291217,0.108118044945892,0.218359786718136,0.683343920901294,0.46092531345099,0.534977805319713,0.259751428472681,0.366216079702945,0.54827021662891,0.396000296340117,0.544486152395131,0.243130776379751,0.349143619296733,0.601458253677657
"cg16651126",2,"cg16651126","7",27170552,27169674,27171051,27170552,"chr7",0.110017099995881,0.19137002963631,0.252423466866147,0.250903766268742,0.279442791727108,0.1252047673887,0.201016957714596,0.187789233224051,0.130139531301978,0.0880228965931153,0.240708718988567,0.561031143865838,0.393446599130574,0.43602310685676,0.233071549706092,0.303202779402928,0.448893572768639,0.327324846233107,0.455199201826913,0.197743288232966,0.288290788596811,0.451493539720562
"cg11015251",2,"cg11015251","7",27170554,27169674,27171051,27170554,"chr7",0.122445950620069,0.246242228781075,0.370200487507056,0.366397340386515,0.384829608609892,0.182456787814371,0.277977314312642,0.266194469475325,0.176459319399532,0.110472952607077,0.309839547014948,0.646881579335749,0.476075477629705,0.536514323218416,0.3011541711259,0.419113767436403,0.568033554654292,0.438386354917416,0.55860469416232,0.315469785756169,0.37622645029763,0.549051528601688
"cg17457637",2,"cg17457637","7",27170717,27169674,27171051,27170717,"chr7",0.175744708381446,0.227533096788383,0.278281919084524,0.240438961986049,0.238546098787037,0.16706346445146,0.238724692076005,0.219849618631446,0.16403803924779,0.117169420280438,0.220915640692268,0.553328585257592,0.36011618711121,0.44149433265588,0.228951200346974,0.321743862450734,0.469699627810061,0.345922471564053,0.452080310104621,0.223650894129303,0.291708942907696,0.487318880316053
"cg03724423",2,"cg03724423","7",27170755,27169674,27171051,27170755,"chr7",0.13161803659473,0.188059684596634,0.238898807100231,0.230952440620259,0.200535542949716,0.160025157405101,0.198538594244452,0.204044238245379,0.147319644824206,0.0997574371935713,0.200507696474012,0.562731223521651,0.358802553864395,0.456580202115609,0.215864013468965,0.289103121080582,0.458922573087763,0.328868457922306,0.449354151708603,0.218368952026005,0.282747785437125,0.502611876705417
"cg06942814",2,"cg06942814","7",27170819,27169674,27171051,27170819,"chr7",0.249168088211297,0.368581098283928,0.414926878876469,0.392793624759984,0.415751649177468,0.327273179244911,0.37405745883267,0.361237267875766,0.336160700946469,0.242866124609739,0.36984530054096,0.647175737700375,0.515559954712747,0.573638227698201,0.396351841841555,0.447650151508324,0.58814076012773,0.496663516093047,0.596652637990909,0.392816573652198,0.46463906782494,0.610410231320288
"cg08657492",2,"cg08657492","7",27170832,27169674,27171051,27170832,"chr7",0.224653781906129,0.363755562104379,0.432420116391451,0.359681728065768,0.341046832597843,0.293239020305563,0.359132641931912,0.33610012528325,0.329218262679045,0.263913471753401,0.335283429816212,0.743128396506995,0.551306920688002,0.61992404592742,0.417423398787586,0.480717515293936,0.651552581358465,0.504539963615514,0.664679777909209,0.394513247301492,0.479670101097294,0.671697140511687
"cg04321618",2,"cg04321618","7",27170880,27169674,27171051,27170880,"chr7",0.198678223641114,0.228729185666333,0.275089894450862,0.250185709772238,0.227054046551926,0.222708992839773,0.246802162263519,0.242362647238683,0.21269845588214,0.128097748783985,0.242112894019722,0.61994321516204,0.4103189005542,0.472076450233479,0.279045808484165,0.327516964304477,0.495849965202185,0.372960693559125,0.481569937657225,0.264002124657136,0.327357708884779,0.511730131496081
"cg14359292",2,"cg14359292","7",27170892,27169674,27171051,27170892,"chr7",0.0564947755764003,0.16432856007788,0.177768807559093,0.145139801614556,0.152508684367576,0.107228208641266,0.127356162541145,0.130829662129994,0.0769715509619951,0.056765312107352,0.11201681478724,0.537867274903532,0.328134508344347,0.41557023487175,0.18801400295523,0.274794286458715,0.428875761020248,0.299958632867423,0.46218286241998,0.158750104581681,0.226732761958477,0.459693098049002
"cg25952581",2,"cg25952581","7",27170961,27169674,27171051,27170961,"chr7",0.252026979324665,0.243772084237131,0.27921413799082,0.252813360845647,0.260286057722152,0.25326097215574,0.265192901014981,0.260611072988265,0.221568909436087,0.187593008847177,0.260027014179704,0.603053648209183,0.40020287027252,0.498997401164804,0.282110609984738,0.343826184088608,0.492554520617638,0.371101590175846,0.491796079408887,0.304930529402278,0.317506751790666,0.519608412632944
"cg24169822",2,"cg24169822","7",27170994,27169674,27171051,27170994,"chr7",0.17269982496155,0.240944536915778,0.287166347433499,0.238688229567688,0.254465322562378,0.213696114400865,0.25357383211099,0.236534239037659,0.217519920845526,0.193063573114706,0.219261035776672,0.65157086751568,0.42523794967028,0.528200301176683,0.298016848303298,0.382655318792642,0.525500421213282,0.396866210746104,0.516437949565925,0.266916061177405,0.348052889612126,0.568461209831683
"cg17591595",2,"cg17591595","7",27171051,27169674,27171051,27171051,"chr7",0.553631903595722,0.508912367665904,0.634659788152081,0.528707491891693,0.655049382403691,0.605721343390261,0.625605622502454,0.579558885632048,0.590977273432158,0.50591440747313,0.568235385636865,0.816931588933536,0.754254504782963,0.770982246540759,0.577693892435647,0.662441144534415,0.765721023763739,0.68851049675174,0.770820146035663,0.668394356334739,0.6369440059599,0.801675180669159
"cg02248486",3,"cg02248486","7",27183196,27183196,27183946,27183196,"chr7",0.902683663913125,0.946592538151231,0.838369222372981,0.929404784143955,0.916320238597663,0.922295044877407,0.880976387846148,0.888474013898724,0.926146777615189,0.934532005409906,0.893128827074544,0.678869752645538,0.535013766703804,0.721317432076542,0.853938155026937,0.80557192231748,0.646121397706604,0.725906502148825,0.78216933366673,0.743402215602029,0.831534560717616,0.560175665032911
"cg25866143",3,"cg25866143","7",27183262,27183196,27183946,27183262,"chr7",0.846976923431027,0.914641794548631,0.781151969910689,0.908288860410102,0.913210570312517,0.89414333653936,0.850401032631674,0.862823507296693,0.929751144420654,0.907320367441401,0.852750498242504,0.6491463883588,0.596941167552449,0.722885534204754,0.849956348905102,0.759072042807594,0.656726436079446,0.74183331530224,0.74929069313787,0.748114435593982,0.82294663441676,0.64596611073917
"cg01370449",3,"cg01370449","7",27183369,27183196,27183946,27183369,"chr7",0.826441652962242,0.904108369901292,0.757808936967762,0.909583972874386,0.865998747010316,0.908117626998152,0.858891397628463,0.884641897226606,0.902205439791016,0.91883856078476,0.844029007090203,0.670045591046048,0.596260234116955,0.702857396880343,0.882643781655909,0.730172520919697,0.597237537646637,0.674604342195353,0.698396868714252,0.750816849575632,0.773454559404646,0.594871894608702
"cg04863892",3,"cg04863892","7",27183375,27183196,27183946,27183375,"chr7",0.884260317735655,0.925789389081714,0.747459575255174,0.925567435051585,0.905204146256937,0.916810953673357,0.900079885704267,0.895452764467868,0.91813096755553,0.925958684514222,0.885978998915134,0.568847798135542,0.512484777472853,0.627811563045946,0.854481559384906,0.728956424778316,0.532829485837206,0.619211370701342,0.709005800185589,0.706319712190459,0.796883719436568,0.518220542821868
"cg19759481",3,"cg19759481","7",27183401,27183196,27183946,27183401,"chr7",0.916462326107184,0.909640887011063,0.735561982276407,0.917932952838519,0.918974502944915,0.891254617876439,0.855725892589795,0.895671816113877,0.905617576647086,0.934404071608231,0.821650765107309,0.583581545562156,0.483208452315738,0.591196640959105,0.827849696431105,0.698441803664221,0.574402996816881,0.601644014928361,0.684866766105055,0.634600755472108,0.798800098997532,0.487978272263836
"cg12128839",3,"cg12128839","7",27183436,27183196,27183946,27183436,"chr7",0.89060641755299,0.937901971794594,0.692784611499493,0.936697067517125,0.916715026074991,0.877984676741915,0.824125492655399,0.889542212928296,0.898780796522052,0.907031002041935,0.85055409677042,0.523809612741423,0.40563562754069,0.554647071050235,0.798147568001638,0.645706752373685,0.442510246080952,0.550114172747451,0.612287512958725,0.56474731214133,0.745936060797379,0.385840053672521
"cg02916332",3,"cg02916332","7",27183591,27183196,27183946,27183591,"chr7",0.752749182553625,0.855955559601392,0.692630752430084,0.849916417755817,0.819196841668078,0.838945385209974,0.77286213750973,0.814330590247186,0.857442288890618,0.835161824120151,0.769440168477206,0.576862116141775,0.496669584458997,0.619313408830377,0.767556048743278,0.661384155790152,0.557401286477626,0.598115728311048,0.643419776749315,0.653376107277301,0.724217315512071,0.497103769005659
"cg17569124",3,"cg17569124","7",27183643,27183196,27183946,27183643,"chr7",0.824620646956632,0.904059581650102,0.65476694468263,0.939038920729088,0.902013710326638,0.867143749523721,0.790289343703014,0.83342229151599,0.839836468714386,0.903793641041935,0.768118372137498,0.496339820590523,0.408979246097747,0.535048799731563,0.761308582204906,0.624595357854601,0.472016188436068,0.561590776236759,0.624174280655339,0.61242789069786,0.692528537822239,0.424557579817274
"cg02005600",3,"cg02005600","7",27183686,27183196,27183946,27183686,"chr7",0.911275379498816,0.929530120557566,0.736129139066015,0.944349952573907,0.935905950266288,0.910246408674684,0.848064053450322,0.882004047127593,0.913230828207182,0.920024303126774,0.84420564520094,0.641286061289515,0.53602847432453,0.663085247502689,0.807009645625985,0.721968739964654,0.59033752878808,0.683939400614042,0.674686669681416,0.704221747142497,0.806650984272284,0.545620742448465
"cg25307665",3,"cg25307665","7",27183694,27183196,27183946,27183694,"chr7",0.846181998874885,0.943731718874382,0.635885031041904,0.955937127518173,0.935043907855432,0.910658879230059,0.822002662224724,0.879790401584606,0.898844651747578,0.952057419549873,0.836566189352061,0.517382951654481,0.455795901586141,0.576779823369383,0.813432472563473,0.620937236205063,0.528989838143155,0.627397685752083,0.628753667436335,0.594516244928494,0.757895444762391,0.432563384996444
"cg14014955",3,"cg14014955","7",27183701,27183196,27183946,27183701,"chr7",0.894037780903518,0.935858406278218,0.798676812475649,0.922207031952085,0.912135692939201,0.919612677825566,0.870739189123284,0.917691304170764,0.90899095580551,0.928695254050017,0.870591675521104,0.664877687190728,0.681547789067228,0.741923524014524,0.877789504331284,0.825027650615729,0.71414958944907,0.762214710410992,0.792353738802341,0.784808018715224,0.894111669079605,0.660694000585301
"cg02646423",3,"cg02646423","7",27183794,27183196,27183946,27183794,"chr7",0.762827851380479,0.849084632561587,0.667762840845948,0.849450141858518,0.839173804427896,0.865594131366438,0.802739293350729,0.83488776994577,0.859803274671707,0.867952424104764,0.782599312142259,0.599866044285415,0.514819951211517,0.573342792897385,0.758217125472811,0.652638674781344,0.579690481835464,0.669256652858082,0.657644132418603,0.64813747028464,0.744528781748783,0.561077444455633
"cg20517050",3,"cg20517050","7",27183806,27183196,27183946,27183806,"chr7",0.791663898540207,0.907939214842107,0.803660780969076,0.89040609706968,0.886628108154716,0.91196943465852,0.873491136395981,0.889940273618554,0.896286561874072,0.909375519007988,0.858972048235474,0.684938594233309,0.616400519474389,0.693044190685337,0.813338813254872,0.716280858703225,0.657671084440915,0.778784134373644,0.748899669010469,0.783909910481436,0.834378813317209,0.621328206934263
"cg23204968",3,"cg23204968","7",27183816,27183196,27183946,27183816,"chr7",0.910121961476946,0.938091880923811,0.883662831570935,0.930423945369295,0.914506473977803,0.945111284104764,0.919412773883225,0.937857762271495,0.929585326537745,0.930976522102781,0.917422231776167,0.764145427499264,0.711252935766479,0.802173655852494,0.895928471869311,0.859609581448923,0.745997208386442,0.821678850139002,0.809812613720253,0.840276730164607,0.919442823655593,0.699947618936563
"cg14058329",3,"cg14058329","7",27183946,27183196,27183946,27183946,"chr7",0.975615560842945,0.978551860874564,0.923697903424976,0.983249736268282,0.978260547340515,0.984102662622193,0.977273913650267,0.981481432627574,0.982902267375781,0.9823770063459,0.971734785431609,0.866241579811809,0.869807549361232,0.899714753525827,0.980037544274034,0.958185413220324,0.869067313382676,0.933733004380915,0.898349537064156,0.928667222560433,0.968386426918095,0.815512676317163
"cg13917964",4,"cg13917964","7",30635712,30635712,30636176,30635712,"chr7",0.0750519878889516,0.159469747667467,0.0577318826971021,0.10199806930723,0.0439990709287631,0.0826616211127272,0.0652003189036802,0.0884397254136784,0.134114221448627,0.0628554846271038,0.076505645911197,0.187696815994167,0.16546887960828,0.269889283387531,0.201788307477309,0.125629197916667,0.184512925394777,0.22311361903051,0.202821357565312,0.168456569260896,0.253986109583102,0.244993810506822
"cg21429551",4,"cg21429551","7",30635762,30635712,30636176,30635762,"chr7",0.240455958287994,0.490707499572086,0.192658093739671,0.292679478402945,0.151056205481282,0.330838965225446,0.229022275499396,0.297189889079712,0.3529909264021,0.264659302254526,0.299306155891454,0.523107924270578,0.498080351168006,0.637735750915324,0.505573735050916,0.418917521793021,0.553492879383226,0.519909197461635,0.585172171344309,0.508696363179331,0.617169515496757,0.61463698350744
"cg03068497",4,"cg03068497","7",30635838,30635712,30636176,30635838,"chr7",0.280942502425745,0.544578542183417,0.26292940260419,0.391924260919108,0.215108717211946,0.377608813091063,0.359116938292691,0.354807672333367,0.388694701037935,0.337877874036188,0.353759729342892,0.585868449351197,0.545320632246289,0.647256763629533,0.509132065983951,0.461643299584159,0.583304009324409,0.6249401716653,0.600568395659862,0.558998972139473,0.663919144143386,0.639895932622373
"cg16875104",4,"cg16875104","7",30635889,30635712,30636176,30635889,"chr7",0.159097211845111,0.343837564515795,0.264142916785541,0.336797578586969,0.185310231242671,0.307793664879569,0.288646468769703,0.351461359628333,0.406525257110464,0.259983569529026,0.278836250950263,0.467713403165042,0.43036022896567,0.521214876752522,0.426791724684522,0.373829031309465,0.409445243885054,0.467402811010386,0.525162933001078,0.446964126173416,0.538696212133068,0.534945538698206
"cg19390658",4,"cg19390658","7",30636176,30635712,30636176,30636176,"chr7",0.431553881666674,0.660297119884953,0.631530840309694,0.723977304697986,0.563398086035184,0.687757616545276,0.645305319467625,0.633989373503221,0.638250083634842,0.595885662432842,0.702619179281239,0.803249950353612,0.729391888146913,0.81771025564879,0.773399749229418,0.72905119676857,0.787239235523851,0.77831131333324,0.833251603751563,0.788275982950918,0.817295178355601,0.827586742302691
"cg22220710",5,"cg22220710","18",7011217,7011217,7011463,7011217,"chr18",0.499086788295188,0.45085944729378,0.628416592743207,0.380368643557699,0.401905063932892,0.347243292921913,0.506200918363452,0.473398708548838,0.369384282946394,0.406659246178289,0.490259928114311,0.577801499072096,0.72365976188904,0.659002599293511,0.629223785269256,0.712539174423802,0.556593451086999,0.770725248868772,0.685936634695872,0.773374525953319,0.672871061891897,0.670218329050105
"cg03691722",5,"cg03691722","18",7011268,7011217,7011463,7011268,"chr18",0.505106634060336,0.479408301428462,0.687791696486279,0.467587180847415,0.483625948198389,0.436782890625147,0.64741419715772,0.575133667790793,0.40737514248244,0.485561000833352,0.53899796712449,0.628511399096793,0.705837225928295,0.713534494158048,0.697962158225589,0.739585789607898,0.597962675327353,0.801821984217786,0.728751546626878,0.807306702805976,0.750907032434846,0.730691574005852
"cg05836043",5,"cg05836043","18",7011388,7011217,7011463,7011388,"chr18",0.623994844895086,0.455580990518893,0.722213925775111,0.45117516959287,0.44432218228883,0.449705688084426,0.568819262397095,0.550621260381434,0.458737038308929,0.46306369205949,0.572081811620606,0.626411803636763,0.706168382791961,0.645017478611952,0.652713848092595,0.721939354068462,0.567779650614309,0.779403886997943,0.689849646744126,0.754288325173916,0.696518152267648,0.712284258550869
"cg19738980",5,"cg19738980","18",7011463,7011217,7011463,7011463,"chr18",0.301665975174963,0.356264038924493,0.580860664702777,0.345011355230452,0.408532278620414,0.365475441908706,0.548682750374116,0.4733625187108,0.338945616301007,0.339515617007179,0.443899893034946,0.561474830503403,0.682951506767699,0.666858478427535,0.623586179939671,0.712015377917872,0.5163590479241,0.728049158269556,0.685603382574392,0.731085181293636,0.679657580059704,0.626983757515298
"cg02713669",6,"cg02713669","2",109746691,109746691,109747003,109746691,"chr2",0.149991288198236,0.0536053562401057,0.125080549582962,0.122332360251936,0.0668452852490983,0.13565804711306,0.111588140513792,0.126980616775559,0.0444567176329847,0.0614997725293159,0.211309832656579,0.338111258784854,0.309164287433659,0.309617510735282,0.215213730331562,0.294006133758007,0.35694565005072,0.265189695329409,0.171665795737752,0.340199567102301,0.292347821265678,0.279396180537978
"cg25308803",6,"cg25308803","2",109746735,109746691,109747003,109746735,"chr2",0.609836318201685,0.25847972339827,0.327277509360523,0.447284974560666,0.361912438192531,0.477976348359273,0.369764202714584,0.432092855726787,0.285586932244286,0.288015542812255,0.49724939299083,0.72055112336105,0.724434725454581,0.694766001255647,0.56511801940227,0.674749433453345,0.642770403863977,0.655467982377805,0.455024058137288,0.69881678590317,0.640110052428051,0.629130210093039
"cg07548255",6,"cg07548255","2",109746754,109746691,109747003,109746754,"chr2",0.528657121509837,0.307771658555447,0.396321557029392,0.419170262934052,0.327655697531319,0.447647029014026,0.386044675468512,0.451478045819758,0.311475582359466,0.287880876975204,0.480761104914388,0.647949557773772,0.638644691882861,0.593339106437016,0.496243053533704,0.603259902126016,0.599096056772478,0.625895811105477,0.423929951073642,0.646196548538466,0.613266880662658,0.622374317085612
"cg04286823",6,"cg04286823","2",109747003,109746691,109747003,109747003,"chr2",0.306786884899755,0.23534630049539,0.251608194590108,0.273115535769664,0.235635691192809,0.3198755809746,0.249990257860099,0.286003654859738,0.219285666305701,0.226353827612769,0.293270856384673,0.440041850058839,0.423271277733184,0.443727218693493,0.353886315374123,0.379918086160314,0.431980524775673,0.441330321168568,0.295931585623942,0.454483292580302,0.423055501073779,0.43098397823974
"cg05491854",7,"cg05491854","6",24910562,24910562,24911001,24910562,"chr6",0.675812405453345,0.840683797585917,0.549101674705069,0.864027025972968,0.684068868239603,0.56511380849033,0.853487463680069,0.849844066604007,0.674571816775673,0.803088229658737,0.686438909167224,0.474048262539601,0.389812786072353,0.393336411303873,0.523644840616285,0.533623435511417,0.434354300195066,0.462157375982181,0.409768374245626,0.446310434585244,0.637377297916216,0.467843212154058
"cg08818610",7,"cg08818610","6",24910720,24910562,24911001,24910720,"chr6",0.57240297727515,0.78290196956031,0.48110049629231,0.824366658875686,0.568300321511487,0.41599531913181,0.718430730677222,0.733304695285915,0.560532743149648,0.677207002274925,0.594216169582829,0.36361808234684,0.20981774999953,0.233344065909503,0.400555320290784,0.402533303059007,0.318719294472819,0.336132290108948,0.281038754631705,0.288247005847678,0.546705836069765,0.324842350621339
"cg15289427",7,"cg15289427","6",24911001,24910562,24911001,24911001,"chr6",0.078163414716568,0.12641086966466,0.0754642786098398,0.26546262864971,0.0904599949039257,0.0532755069181391,0.128919177656178,0.145297318309524,0.0697299859353304,0.114683394261168,0.124290407412908,0.0497816135323724,0.0501818576409033,0.054968653553255,0.0551806445289526,0.0727031260430008,0.0525694415301662,0.0514348531194788,0.0450344974306091,0.0326331936560421,0.0836898269893209,0.041225596639155
"cg19276111",8,"cg19276111","1",24229232,24229232,24229682,24229232,"chr1",0.148567129433789,0.338990734592843,0.220139937294286,0.142562216667846,0.137917375428269,0.138812595651972,0.202100199235792,0.184024032895431,0.217819981965974,0.240857520013647,0.159438574932251,0.316905160047417,0.269891756184298,0.383159640988661,0.453120322148295,0.237343312155727,0.35371736749481,0.365034660645965,0.320092650606316,0.293953540615986,0.352436958075933,0.385510820627
"cg24452347",8,"cg24452347","1",24229300,24229232,24229682,24229300,"chr1",0.0260348347560163,0.0514412390516243,0.0418759564987913,0.0322833487502076,0.0307928029669718,0.0357611999005491,0.035100921576237,0.0308222290293037,0.0389252081911903,0.0327404089064704,0.0303204120123927,0.124289290394519,0.0762441622854742,0.123112542228039,0.151295885057227,0.0602593764731832,0.205340089441686,0.111467996628124,0.111571186311665,0.0901929061690833,0.0886494401161773,0.121252710614552
"cg26404511",8,"cg26404511","1",24229575,24229232,24229682,24229575,"chr1",0.072371695479713,0.163367060252592,0.131659380260674,0.0665618432334865,0.0621404324707288,0.0682364196284217,0.140795847509311,0.0584680243697628,0.052834253159094,0.11968086108672,0.136036506819164,0.328556158820294,0.244671410659576,0.297218019150026,0.392984091311162,0.237986110591461,0.271335452181568,0.334120091496949,0.284762964725991,0.277765282762288,0.312283091259413,0.327294989332101
"cg03611151",8,"cg03611151","1",24229581,24229232,24229682,24229581,"chr1",0.181379259653386,0.300146796405463,0.281074433568624,0.220717121798984,0.242111149594362,0.236465138594846,0.240820289671884,0.207749847818164,0.210151276922706,0.250181847263469,0.300398140297767,0.387055792696037,0.317937182859125,0.417108032365998,0.439732682391574,0.332424962512574,0.379051094093216,0.412370251646124,0.388471345823164,0.368378927685238,0.408687111630627,0.410700947877414
"cg07967717",8,"cg07967717","1",24229682,24229232,24229682,24229682,"chr1",0.138742313487675,0.23721997055562,0.218010954727932,0.134659352077632,0.153338780771709,0.173342661582609,0.203963210813762,0.165250924160907,0.181849768466554,0.181043702257791,0.219439676780466,0.359861885500515,0.296362685584787,0.38421252659835,0.427675583424378,0.296379796478098,0.345492539428663,0.363276355643135,0.380862072181017,0.353610947237669,0.346042943825113,0.419289780868362
"cg26168643",9,"cg26168643","13",88328009,88328009,88329680,88328009,"chr13",0.838211733773845,0.919472292168385,0.771356156875216,0.867233900393712,0.834243772487176,0.896009551720786,0.811410806250879,0.817031012693261,0.802964869276876,0.627899089171077,0.686409968990063,0.645745821232915,0.574284681294769,0.658847330763066,0.654748972537165,0.673075913274472,0.696727081846204,0.647282591355385,0.676899152827105,0.538495072736763,0.589199492274691,0.631887413820516
"cg16787483",9,"cg16787483","13",88328251,88328009,88329680,88328251,"chr13",0.902476965940649,0.929956044450903,0.813466210706829,0.832331044254063,0.864227986944011,0.890641020083696,0.818766112877959,0.87405934393741,0.829256300526102,0.81046764360526,0.822373519801633,0.675824071301187,0.690982589272118,0.765606720145269,0.732575005132139,0.746599190569555,0.763778961806004,0.729116601770527,0.764214940110345,0.637621830093443,0.743871388096042,0.794841923498205
"cg24626752",9,"cg24626752","13",88328274,88328009,88329680,88328274,"chr13",0.844541581864412,0.899624019144659,0.777912034216696,0.815249356597022,0.850222947132488,0.911114149996892,0.833974347767444,0.792572363097196,0.818015763809893,0.701213402737064,0.791590345162283,0.636193241980618,0.673990312200624,0.716846983745118,0.680876856197293,0.719004743204058,0.789293888159718,0.691657154380263,0.745680731777877,0.619037141576034,0.747177833709361,0.680817009062665
"cg09823859",9,"cg09823859","13",88328294,88328009,88329680,88328294,"chr13",0.799796610626781,0.880494597252708,0.72503605583484,0.741418995182506,0.738712446665932,0.857688001891799,0.792530656630845,0.797751542434292,0.774367102663257,0.725364896674376,0.735918880304298,0.607417877966499,0.642091644644062,0.675387940428345,0.656018529940042,0.667975278045816,0.705968522955551,0.661228926535534,0.705325055422295,0.625982044948618,0.680287704703984,0.714443012948448
"cg05757365",9,"cg05757365","13",88328471,88328009,88329680,88328471,"chr13",0.801053273840923,0.912088644590072,0.690662850568672,0.712805719842848,0.778064168413125,0.867972725390186,0.776047354861872,0.764812762898037,0.74296585528207,0.675275576319913,0.7491635567898,0.584029520660294,0.606762111474867,0.650089423560187,0.621637117425605,0.621293007095936,0.703041044112756,0.619745962192834,0.673273019628111,0.507078903722812,0.662088071585309,0.672239238749105
"cg17376609",9,"cg17376609","13",88328813,88328009,88329680,88328813,"chr13",0.916289983625027,0.909688886166165,0.828343892594496,0.884825898991195,0.859334777189521,0.941278143823628,0.888304216573419,0.843453222694426,0.869402267776677,0.821099013020853,0.829826258591716,0.749557050807545,0.852726524544999,0.791330872681572,0.864826137672252,0.786484060758036,0.867007544475742,0.814080378541135,0.83922374947523,0.6546194120133,0.775887006679251,0.794209796377295
"cg00525681",9,"cg00525681","13",88329151,88328009,88329680,88329151,"chr13",0.743497185344158,0.863877265232319,0.694448950180927,0.738493369780889,0.728395521526985,0.842338821694938,0.686106624447254,0.700333249355437,0.722208106496234,0.658710807810908,0.739859176290553,0.559039259621755,0.561726763201524,0.634865806426598,0.661091081052754,0.642401032242192,0.665773068032167,0.651520208887936,0.631875594946655,0.530489991365767,0.639278767567554,0.587533762857223
"cg02611934",9,"cg02611934","13",88329407,88328009,88329680,88329407,"chr13",0.715484008045783,0.874316605942503,0.658939725886814,0.765771171089914,0.710302173928455,0.897550107897889,0.687784645766398,0.7703499775018,0.719997335660407,0.656527294990825,0.734940551971646,0.581651019823288,0.633137077114838,0.630055847345325,0.604844469495654,0.611946064438907,0.66527380727979,0.65609983859728,0.657889934257068,0.50406627213443,0.602604535853371,0.574610730437322
"cg24366314",9,"cg24366314","13",88329680,88328009,88329680,88329680,"chr13",0.389290974230978,0.401941881520953,0.363217310467169,0.358693392618206,0.372148828477374,0.482475607545658,0.335013830923961,0.365143124860319,0.338805530062433,0.326789586718614,0.385206704001165,0.292808072977848,0.344873897258248,0.301233705795468,0.330980898351757,0.35701613694383,0.385105456763393,0.344737170467466,0.273351190574474,0.267311791160182,0.306019168299394,0.339384535607074
"cg04220104",10,"cg04220104","2",179387853,179387853,179388064,179387853,"chr2",0.539588515898181,0.675403477409552,0.548272784588863,0.433329586329354,0.616511171791533,0.531441422719091,0.5469874401776,0.654440361533292,0.546744477591594,0.609132761566889,0.582170448230602,0.434662416164947,0.454918737535221,0.491565762291685,0.351616696066813,0.415560507703554,0.459401000377923,0.470387619255585,0.315343466916409,0.295766297728885,0.397037322187272,0.375405416347484
"cg19916659",10,"cg19916659","2",179387931,179387853,179388064,179387931,"chr2",0.471167230449507,0.638861304745768,0.450320424758322,0.231917881759738,0.532520981865688,0.382892480600263,0.380973754832053,0.695395391279555,0.454365956915477,0.576814868819554,0.528526239133932,0.23118490089746,0.249207006800314,0.268991700891208,0.147301429612759,0.235853049916324,0.315703265450156,0.342516380327095,0.154345160150379,0.166897302946407,0.287965768885569,0.158840706336899
"cg17740434",10,"cg17740434","2",179388064,179387853,179388064,179388064,"chr2",0.480524164450423,0.647890216597079,0.470901675347598,0.349626231545114,0.527349439758647,0.439807061719616,0.437208994769105,0.646410777071764,0.439512042037108,0.546268399372153,0.502845903351646,0.344056727924327,0.349890772946773,0.414766594501892,0.263805979892368,0.308447798500123,0.370910742732362,0.339437151272865,0.224767085066395,0.246393885977001,0.285857037565229,0.265549350901928
"cg05774699",11,"cg05774699","7",27184316,27184316,27184461,27184316,"chr7",0.817785952589205,0.906899314557277,0.818123253477504,0.895377394919919,0.851367594915394,0.872297814839501,0.874844743126109,0.879017504622116,0.870585047961014,0.854570514098801,0.838206051242047,0.758739125754065,0.721104547888645,0.772557021682425,0.850346286980133,0.8181406331337,0.800777982221553,0.803465638410137,0.791213456973168,0.82601397394019,0.845006709055359,0.732510235473002
"cg26023912",11,"cg26023912","7",27184369,27184316,27184461,27184369,"chr7",0.811215396220583,0.899682771875746,0.732731549593872,0.873769902280715,0.812285106904858,0.861491904342144,0.790722650656434,0.846080480914853,0.867201248859186,0.898607912344332,0.798808069731083,0.62133566134608,0.57013817839741,0.661558424636766,0.797637438137265,0.689822636762669,0.634763333856638,0.697524765715141,0.693498362155459,0.743136506240845,0.81889022697294,0.579085633630757
"cg14882265",11,"cg14882265","7",27184375,27184316,27184461,27184375,"chr7",0.8636693835512,0.929234308451991,0.777752078420784,0.905424802369586,0.882628152667372,0.921861518184936,0.839818730091759,0.88070561110655,0.896078299721656,0.937254845933712,0.846769473966125,0.652358462816287,0.595980861900406,0.707860649387413,0.862001722177527,0.767785261124132,0.665244888422584,0.737405370754034,0.727683942648425,0.755554902506886,0.826684472450576,0.607074420538635
"cg17432857",11,"cg17432857","7",27184438,27184316,27184461,27184438,"chr7",0.752877051884131,0.838143506475526,0.699330261702322,0.903523636554156,0.831089251758414,0.808670370303995,0.776107036419163,0.832936242607011,0.892336520901436,0.871787016001789,0.788357401881598,0.566130450184198,0.524237941571351,0.629312555817427,0.766531872262444,0.68453849401398,0.551137983284226,0.625897419964417,0.635259248284268,0.624714400679999,0.688170214278269,0.536410822580725
"cg00969405",11,"cg00969405","7",27184441,27184316,27184461,27184441,"chr7",0.877768512573078,0.925565647027118,0.796443932610655,0.93627790614263,0.914988928075239,0.916053644149958,0.847285666773745,0.895668900480382,0.923114788587645,0.949324005554986,0.839378523642228,0.677480891989253,0.654284272459513,0.761823574747199,0.875871191237301,0.78599129933155,0.690513291459265,0.772964425379421,0.754225210700281,0.748715587784576,0.842124419545166,0.659611692595631
"cg07049592",11,"cg07049592","7",27184450,27184316,27184461,27184450,"chr7",0.812899600974556,0.898260299828346,0.777838049883058,0.860150385032958,0.854269637887209,0.884061994678842,0.825825628278554,0.855066565996108,0.856179077070455,0.850525031659641,0.831320121570024,0.72991015857797,0.703229689092576,0.774700426632934,0.833988776780879,0.769123627357641,0.774727308900569,0.787486510385077,0.77446159128361,0.80126690674719,0.850015037679235,0.717635188935277
"cg02106682",11,"cg02106682","7",27184461,27184316,27184461,27184461,"chr7",0.680515036469029,0.829481747010893,0.600616036922005,0.739888318593758,0.71170329954161,0.733233299538443,0.666418000280063,0.73300843072614,0.751688341625538,0.772093710227928,0.6886544203618,0.566467176820351,0.513766115519526,0.597062973641309,0.688572941747236,0.605676969390464,0.573051880938301,0.652094991148072,0.599766725539077,0.610843566524902,0.718815796570953,0.559539142109324
"cg20225999",12,"cg20225999","2",218843435,218843435,218844202,218843435,"chr2",0.650689163230618,0.562889111455452,0.48441350275563,0.680135627011541,0.648098672702817,0.49303055884059,0.735168943416027,0.589080736709129,0.582776935123082,0.752617150722701,0.759858837725393,0.781434047561913,0.953601817067089,0.80638728099926,0.924768950965801,0.860157920156199,0.789240832331295,0.729819160799018,0.914519282748954,0.839516022232451,0.877460704212056,0.863812481159997
"cg07616871",12,"cg07616871","2",218843504,218843435,218844202,218843504,"chr2",0.49733171668473,0.42172354629148,0.381140340604707,0.44350587772124,0.444561769489433,0.395404918742945,0.521218527353117,0.421212743406828,0.460704478732327,0.559079281810948,0.517428477918099,0.594241400938725,0.810660859068758,0.624122442474502,0.72572589571235,0.66102765674872,0.619680730086083,0.58175489558862,0.729050855315445,0.66264016400652,0.700311161566103,0.706631363545758
"cg05783384",12,"cg05783384","2",218843735,218843435,218844202,218843735,"chr2",0.678857394862952,0.560188348959754,0.497258511202453,0.626740888432801,0.643714308050836,0.538055108453251,0.743818718966615,0.578213444681363,0.645421347294026,0.713065785153365,0.751191141790533,0.742998861773512,0.920569881798537,0.78767256304249,0.896898351606264,0.800658044951586,0.758832518783805,0.726845013462153,0.87390945155038,0.821162957301296,0.843597055602422,0.826493222264978
"cg04316429",12,"cg04316429","2",218844202,218843435,218844202,218844202,"chr2",0.501566729301441,0.723065238224248,0.49931916752551,0.576956303459918,0.600140090914776,0.500731674269603,0.570409906976899,0.525964318957122,0.532511127906286,0.582712207053843,0.532934726052647,0.673267599079651,0.608613424530464,0.620137324895853,0.601236296681411,0.594226385208083,0.670073838769121,0.605230959894137,0.639678761354073,0.643435723506205,0.692004200171088,0.66154431268009
"cg09636302",13,"cg09636302","12",96389483,96389483,96390059,96389483,"chr12",0.644187374792451,0.79654251884601,0.515224374154873,0.394565844367821,0.518739423785778,0.602681649602438,0.597128899064261,0.553923037743871,0.570360645301504,0.604643839001921,0.507860148297159,0.698664277557667,0.759771954611719,0.796952456380465,0.748685013975422,0.753597635838523,0.842154419190557,0.862896051542184,0.721624950948597,0.700057617905788,0.811516025291124,0.872363513953434
"cg22491680",13,"cg22491680","12",96389547,96389483,96390059,96389547,"chr12",0.500580471738412,0.661582691075669,0.386208536044019,0.378776781827078,0.364247000543136,0.475268128148619,0.470502268544514,0.442698698929192,0.451113950577938,0.517827458010442,0.428495969221012,0.459706161046084,0.500811705844854,0.550581288533485,0.560015804199777,0.471619964189062,0.607465221412227,0.703743341597197,0.488005966950558,0.485099168638677,0.625918346830062,0.646007370832723
"cg27246571",13,"cg27246571","12",96389588,96389483,96390059,96389588,"chr12",0.580000981622503,0.751323836514057,0.688360808879271,0.504822262383475,0.597912137365918,0.625804981710889,0.642957648735609,0.563112934031066,0.61763490758417,0.638153351257705,0.557095647756762,0.816641909736253,0.806699229865175,0.847995053475157,0.826916156490028,0.822334065713188,0.895987847604769,0.858533922919738,0.786869366280206,0.790124602873761,0.85662878297995,0.89271160399014
"cg15438951",13,"cg15438951","12",96389694,96389483,96390059,96389694,"chr12",0.663204165910765,0.791331913224767,0.602561585155519,0.499915135456431,0.578343420660377,0.641846111729414,0.616219820585715,0.608213195100484,0.618223931483051,0.654645276795016,0.569517533441864,0.70201004281851,0.748459142537107,0.770404223619413,0.769800256260668,0.738974525145744,0.801029479708981,0.817770583478479,0.715309252479154,0.692361759040505,0.792306075177872,0.838850865967797
"cg25137372",13,"cg25137372","12",96390059,96389483,96390059,96390059,"chr12",0.40652113601723,0.681993887767948,0.253025572118805,0.275987568508947,0.286448877485665,0.460693129811514,0.429004838080286,0.407515807958013,0.404299640177142,0.466821289722774,0.341316358018187,0.421801432434019,0.432611237214948,0.449635382270786,0.481098146762413,0.334919575347695,0.541277148711268,0.699214655616718,0.415623618339982,0.404272072444157,0.559937189561684,0.606498146390091
"cg16276982",14,"cg16276982","15",29968032,29968032,29968195,29968032,"chr15",0.498743490586793,0.285075686636851,0.428154533242054,0.565840018206355,0.30344628589518,0.344935665036256,0.589117621944419,0.631335662277664,0.682612435258434,0.460840793892851,0.531983915285162,0.335401690627175,0.200965217676768,0.299159774843411,0.291661806750897,0.31336835409719,0.192598453350551,0.41362796052355,0.30328474095733,0.293737219732158,0.194026070893183,0.384694716869119
"cg09214243",14,"cg09214243","15",29968124,29968032,29968195,29968124,"chr15",0.82450001676702,0.537500315628316,0.700697936845253,0.81756563764436,0.59152134419751,0.629340876893016,0.84172591741139,0.883610884951124,0.879223462520661,0.713406630585852,0.801746273634322,0.609459794608996,0.341348086119864,0.450975210701314,0.516453045792626,0.574121514208953,0.411536304727029,0.638971290309757,0.429186943721909,0.47839842123635,0.42477475839696,0.568316838379314
"cg12414681",14,"cg12414681","15",29968195,29968032,29968195,29968195,"chr15",0.811811370750238,0.694470968312523,0.771649992083986,0.818120274985306,0.704326194182167,0.702260103642292,0.845813832230974,0.862988508148888,0.867528212010218,0.801364024627142,0.825910702162497,0.693232371555856,0.580047228833508,0.56582506192959,0.674322556465911,0.672780252734846,0.639122518722807,0.66227453320834,0.630711846234658,0.625068489110424,0.602592742475068,0.646411067679252
"cg03146625",15,"cg03146625","12",54448729,54448729,54448913,54448729,"chr12",0.563789824202138,0.301681419372892,0.438929467679152,0.371595716694927,0.290194784685107,0.281675270583362,0.332317337979915,0.235962415797645,0.371140391749084,0.347301536202353,0.408348906641308,0.520896003933725,0.601888766763405,0.721302838367332,0.73192773732776,0.552715147545258,0.535294413935907,0.619945039346009,0.680404224957357,0.549279402772435,0.65118514491464,0.499343055306978
"cg15648389",15,"cg15648389","12",54448769,54448729,54448913,54448769,"chr12",0.266483551072797,0.171434134385767,0.274535203033516,0.327224986075271,0.225861995026362,0.255931383380535,0.205599597523081,0.190439138308042,0.290752756266267,0.354829306890163,0.306197105860962,0.292992197123683,0.425488423391507,0.510967578460324,0.516818133736514,0.460607014439294,0.31849351811818,0.36263112192458,0.433333916797079,0.380131422612932,0.419287576444928,0.346796028005723
"cg16370398",15,"cg16370398","12",54448913,54448729,54448913,54448913,"chr12",0.485333491192653,0.188544691949108,0.339192177517453,0.270860892979394,0.182207564367028,0.189769080708491,0.323093932045749,0.195495397029396,0.252479744433916,0.261728899228451,0.296315058923589,0.387995054626728,0.535833451260991,0.569834768458918,0.643468729105844,0.551826635212945,0.290759432466869,0.405709321180114,0.618366691764809,0.474368952825729,0.529219569563718,0.408950501621375
"cg12033288",16,"cg12033288","10",102381293,102381293,102381532,102381293,"chr10",0.101155088962504,0.188907065805265,0.176586831428018,0.0736819821141823,0.115124600806817,0.168674788885016,0.0777361138924145,0.113976543953132,0.321181644085803,0.164816802620703,0.274624002936682,0.0704575059497396,0.040620987722884,0.0960499775126073,0.0401230060341797,0.0487943635599217,0.114947998502834,0.0563951758746812,0.0511015899704506,0.0383089743390636,0.0509334512784825,0.0785619198098664
"cg15795305",16,"cg15795305","10",102381344,102381293,102381532,102381344,"chr10",0.465481557291334,0.546675092114655,0.502229211964789,0.49702818246617,0.445241116236783,0.521538435753777,0.464334567731438,0.501634625277413,0.6322483229928,0.503893729287067,0.612931176223721,0.30518392635329,0.25873198398049,0.409922481324515,0.225862093497635,0.248108503144092,0.31932495446606,0.300604676801123,0.371425320876697,0.240121831946898,0.302427204949932,0.372351197150434
"cg18977541",16,"cg18977541","10",102381532,102381293,102381532,102381532,"chr10",0.215486712981893,0.377647368336068,0.241915379598078,0.287282646196397,0.354535742470972,0.274703547920684,0.309968398368572,0.17157168294965,0.483420425481104,0.305777803300942,0.579259818397986,0.105580466695309,0.093229245724924,0.205786024651328,0.0769328446297802,0.1149946958425,0.0937834140578615,0.0963432741418352,0.11964405603314,0.105025432162153,0.102551003567183,0.158287657528675
"cg20424335",17,"cg20424335","12",58119543,58119543,58120237,58119543,"chr12",0.881228991908518,0.900395822790995,0.894455165102186,0.911319981378513,0.905948038688927,0.809632393168129,0.916227327144942,0.893964538865903,0.866757806023116,0.850313624943854,0.923657087364205,0.942383080778556,0.933072643244748,0.954929259064359,0.945685746389402,0.931589684582675,0.941285432270975,0.94287119668442,0.944041208706115,0.888155478453261,0.955670811947378,0.927412094601634
"cg01834979",17,"cg01834979","12",58119918,58119543,58120237,58119918,"chr12",0.644097615267339,0.659538934581192,0.619331942166821,0.705135474383737,0.706130268166263,0.62311056962676,0.766166576077555,0.688706791972808,0.676712445724143,0.624447340917005,0.808253176938371,0.919500169314328,0.791564124381503,0.906177517793563,0.90149003371091,0.875685543075772,0.837824429924696,0.875549364226004,0.875218928449288,0.75077236408156,0.899958089525267,0.869579272957979
"cg23387569",17,"cg23387569","12",58120011,58119543,58120237,58120011,"chr12",0.626401919225442,0.627994352713478,0.59598152688288,0.719864983034633,0.716033869184569,0.584223081117135,0.710884027458507,0.62249264654162,0.645993690405247,0.578782259058482,0.816287356021945,0.961612412285574,0.760094173804292,0.92256473427144,0.935318587359465,0.871681850936684,0.822723928810825,0.890113202862691,0.89446300188968,0.738884009950133,0.928936895981327,0.866407805308977
"cg14845962",17,"cg14845962","12",58120237,58119543,58120237,58120237,"chr12",0.79102902414206,0.756537291704555,0.756450185207937,0.889667216226833,0.789515726868897,0.628137634166963,0.863808263768169,0.745274924748341,0.796291601634309,0.680360844004323,0.939582034000079,0.976057886429596,0.914790773368019,0.95935949142477,0.96893958986083,0.948334245220696,0.925196457718815,0.969788367796731,0.95935958466559,0.863025310298164,0.972713764407432,0.966710027491426
"cg05202654",18,"cg05202654","16",88706241,88706241,88706426,88706241,"chr16",0.623392843906116,0.805623158487421,0.803629283280868,0.725683895372916,0.733386884485745,0.729752806337785,0.741476357282285,0.593733365873407,0.83750504655132,0.696956614096249,0.740413437975022,0.649800794406744,0.556777037765466,0.569528808407082,0.582159932027374,0.626713792239528,0.682486550501634,0.633229328354538,0.672512369421314,0.508090210986051,0.59669442480354,0.631991269284134
"cg21593409",18,"cg21593409","16",88706389,88706241,88706426,88706389,"chr16",0.639718445780563,0.694873307626807,0.723483448147687,0.677554784989464,0.598038339304662,0.63273425833745,0.61726180185634,0.681636442162111,0.684919825720039,0.668539418830613,0.693663117952664,0.574955085325805,0.525080462940911,0.511870077310906,0.520233450618174,0.547533470946165,0.600500325051155,0.577780434313705,0.510966905072502,0.384237186325502,0.38506047947964,0.543942236801527
"cg05463589",18,"cg05463589","16",88706426,88706241,88706426,88706426,"chr16",0.685445788973102,0.776330708257409,0.943676337240768,0.844042014230225,0.848841865020183,0.811171369898209,0.850348789534307,0.758579598466001,0.916505028801116,0.81383193969965,0.87404356006852,0.659466955094603,0.545638399207939,0.601878590894334,0.583791380057791,0.633129843897588,0.671873451931294,0.675100152177174,0.617733863769095,0.431456598969167,0.374735619333695,0.632400702687107
"cg26748578",19,"cg26748578","2",65217211,65217211,65217623,65217211,"chr2",0.124093977374057,0.169383098425836,0.134718513776515,0.281471444160124,0.300407834836017,0.183044488515069,0.311727128548643,0.332800774887797,0.178904851814108,0.182263063184577,0.211016845937203,0.303598634351739,0.364633151981303,0.305285735058753,0.230373559343759,0.29254909023534,0.387026932988378,0.283606973376711,0.236307295512355,0.25245650901904,0.357531752480474,0.49019304395228
"cg19220282",19,"cg19220282","2",65217528,65217211,65217623,65217528,"chr2",0.202337127337271,0.177762714719015,0.177693371867429,0.273319608016314,0.262757840038593,0.233632405889249,0.348418507873713,0.267916714476931,0.205981104948346,0.221755664308044,0.204663293551434,0.392088776973979,0.400830249012955,0.40028568234672,0.332711588736864,0.38406424526742,0.440534434292487,0.381716947930263,0.331293387735787,0.333901410568251,0.468103281960287,0.546096142022758
"cg00498211",19,"cg00498211","2",65217568,65217211,65217623,65217568,"chr2",0.162924169665304,0.241050371380498,0.144183375132435,0.231352233694514,0.251847016380829,0.255428812179359,0.324095641140849,0.218608278588211,0.207817273830514,0.229137814642581,0.169595382572065,0.336885696230781,0.33746628553447,0.356143427355904,0.30791003310111,0.325176656558899,0.422479591467949,0.37877035079484,0.319914265673922,0.31049090600575,0.411627032312891,0.49426412686202
"cg20698421",19,"cg20698421","2",65217623,65217211,65217623,65217623,"chr2",0.317651040650407,0.285211525920482,0.295459212914223,0.473750961357453,0.462787381625968,0.40031935397761,0.486538778061898,0.406552531848622,0.34942583484543,0.346560039047312,0.369718939378569,0.585497534812172,0.556781931895507,0.58849087340713,0.480239181348088,0.57823216222051,0.564119874721799,0.540618654886199,0.475809048118248,0.515258968572892,0.649319441635144,0.709492453554303
"cg09814127",20,"cg09814127","14",103593235,103593235,103593520,103593235,"chr14",0.80699652173644,0.897854884730814,0.710453477525145,0.782662437953651,0.787277300112062,0.784713836041402,0.822347995890194,0.889788798808978,0.791483810159225,0.781550953692996,0.84811548802405,0.951688123172765,0.894269324169175,0.947708258246369,0.912084171743968,0.947042283510182,0.925822782329457,0.923177878493934,0.927700430309278,0.872159866789025,0.944340500974801,0.959804571188963
"cg18587137",20,"cg18587137","14",103593503,103593235,103593520,103593503,"chr14",0.752614033304385,0.864235971298167,0.664885208440916,0.686270004713324,0.701489426112034,0.694352615127051,0.743757800570308,0.806638150864383,0.726896961235651,0.701390133126558,0.756410183773578,0.980627737505237,0.881079103656195,0.984152050923351,0.906050068009317,0.964168405391082,0.90586567915158,0.89250343678596,0.941750086332398,0.869485923829078,0.954841961338793,0.968656164416218
"cg10501093",20,"cg10501093","14",103593520,103593235,103593520,103593520,"chr14",0.790130152985295,0.890489928289624,0.661700479234667,0.713815082874323,0.76181562765249,0.73822465873693,0.799361833564578,0.888677996460553,0.764777592584559,0.761763791681091,0.801084087032208,0.982898209179618,0.930735257543209,0.984010726068976,0.947757035563013,0.970831674078607,0.938062872795194,0.93536790607551,0.962897636272317,0.91565508950493,0.967118024217591,0.966246450918457
"cg27151303",21,"cg27151303","7",27184821,27184821,27185512,27184821,"chr7",0.628368799156444,0.70793173845449,0.547935086483207,0.713158436141517,0.6638212349126,0.695652926200096,0.652676262766767,0.669870950246889,0.732076132424225,0.74311795034986,0.641372500518645,0.453133148429682,0.454899390363761,0.495596961604543,0.640315938829075,0.518527108662282,0.455904234953015,0.516785438074381,0.504544296486545,0.516381184131709,0.571184868001464,0.461061638463071
"cg05579037",21,"cg05579037","7",27184853,27184821,27185512,27184853,"chr7",0.904238176148882,0.929044567571136,0.855337639127183,0.920259441120017,0.908113222588593,0.928233212094153,0.92093841076524,0.914536064850808,0.923880934387917,0.937947239693237,0.893809141493224,0.737964603901332,0.696911877108697,0.814883909669489,0.900457643753623,0.793007400475927,0.72122772069818,0.820103538856362,0.769209428232624,0.847981334592318,0.872822820986939,0.762031461330032
"cg21641458",21,"cg21641458","7",27185136,27184821,27185512,27185136,"chr7",0.848877366335795,0.906907535599709,0.785536050732923,0.86767600424967,0.877461063351282,0.878066559752406,0.820163467838668,0.854138948287527,0.84755984492685,0.883518224827201,0.790087583057579,0.730725010948375,0.666550753844487,0.747823633349241,0.84779454830907,0.737544809414075,0.758432043403075,0.764149599870805,0.763085635461495,0.787492178577344,0.839784523678683,0.711300194525279
"cg09343092",21,"cg09343092","7",27185282,27184821,27185512,27185282,"chr7",0.87881820681119,0.932013308011608,0.854370625161947,0.889213210648995,0.901035095081854,0.918516163353837,0.850388896958888,0.937200980739732,0.910523739390957,0.908687673777611,0.900123793559028,0.765282825634318,0.712342820610576,0.772825976372819,0.899480403824837,0.831794153294775,0.770381413242714,0.819431112459897,0.784246766398378,0.812334777409518,0.887592163519858,0.717134868680135
"cg24040595",21,"cg24040595","7",27185512,27184821,27185512,27185512,"chr7",0.962852916926122,0.977228522941295,0.937200123757985,0.969099011005133,0.948044474026903,0.974765979479154,0.963565187622309,0.971736960737428,0.965405735944875,0.975281930376365,0.954695509835815,0.790066951635646,0.787301175600045,0.862302208792282,0.955728780615035,0.919537724423948,0.834150609926145,0.891350432978967,0.853305502625053,0.916767982567636,0.945387609227393,0.761475726874053
"cg17604655",22,"cg17604655","7",156735383,156735383,156736047,156735383,"chr7",0.902149337124759,0.869625939254747,0.864407283688333,0.933593371148061,0.926881647203211,0.907516596330028,0.865116228320383,0.834847679693788,0.840339111245387,0.757620588051462,0.915876526814847,0.785986982776185,0.742938671284662,0.788209684847528,0.832828309410581,0.806043940636001,0.747885207068231,0.781861662135178,0.752841885386382,0.705332796143457,0.694710762758244,0.765365828683489
"cg03930209",22,"cg03930209","7",156735466,156735383,156736047,156735466,"chr7",0.824665718375024,0.808746715334468,0.811814023738541,0.861048328161331,0.841470491637038,0.820158981946172,0.762522979208415,0.800885432440186,0.829007047012285,0.740531018477504,0.935742541679037,0.707265225097449,0.674973462322188,0.694983666211959,0.724753182353865,0.655192779670785,0.634957504541794,0.637324745884254,0.623991132623981,0.47191766277745,0.526166258574239,0.61657239646765
"cg27539527",22,"cg27539527","7",156735656,156735383,156736047,156735656,"chr7",0.651528864252842,0.684080923794493,0.660953517176276,0.681162017569764,0.677632207466001,0.619557202874094,0.604955409144636,0.622475519694289,0.713759913931086,0.622477792228396,0.727705954082433,0.566699921781797,0.517160143199073,0.552000138170943,0.574406368198562,0.537315666859201,0.514474289429766,0.52334073311714,0.493373508964778,0.394722282951187,0.460947759317247,0.470338811023975
"cg12451836",22,"cg12451836","7",156736047,156735383,156736047,156736047,"chr7",0.53318060726607,0.564706017308372,0.541738686461207,0.554177503490682,0.502843728782149,0.540857776371085,0.526347736684549,0.520571920172146,0.572152482773155,0.521428331964916,0.567254733951621,0.489359046184074,0.441694382582081,0.49138161796699,0.499801133586553,0.472132453186469,0.527388381143365,0.500128608499756,0.508463185293672,0.431259186651424,0.418726256987442,0.458171771122158
"cg06359132",23,"cg06359132","10",99160096,99160096,99160200,99160096,"chr10",0.408922221623186,0.528788346343342,0.56097348857123,0.402503559303273,0.522248497568182,0.480292787582844,0.527405575255872,0.491721068165935,0.531860031350679,0.516931656497718,0.56647087818629,0.691251616794229,0.665043050466825,0.679505071031233,0.621246053338897,0.643730661943614,0.644436840137229,0.648455536578366,0.602014464776313,0.512059670750388,0.672148156559516,0.651883484607742
"cg20016023",23,"cg20016023","10",99160130,99160096,99160200,99160130,"chr10",0.224232128407242,0.354615868914577,0.327493898382563,0.172074780912783,0.332510012646413,0.354558893211968,0.317906465140262,0.310835353445501,0.343514898660268,0.362672594888577,0.346064088869445,0.54378484016839,0.535196098119489,0.578305706325165,0.484411437637354,0.492706356028963,0.513015710748691,0.513106669623741,0.423099929124131,0.366792256361823,0.537579536785268,0.4797938164057
"cg08345082",23,"cg08345082","10",99160200,99160096,99160200,99160200,"chr10",0.0794398320129105,0.208242831285048,0.150501943645538,0.0818098680165699,0.15494450495939,0.163610859655335,0.154440341009513,0.179042064781583,0.214761163770823,0.182459183212692,0.166614602252555,0.388249961398398,0.327792376621118,0.350140145225855,0.279026908878587,0.268613268941103,0.320149953238363,0.293609156512486,0.279215101906873,0.219204730188091,0.330840125857477,0.288592957419434
"cg11178337",24,"cg11178337","17",43065745,43065745,43065876,43065745,"chr17",0.430592225388185,0.224995105395973,0.152488762350385,0.220622416671005,0.286313523394075,0.315986940947282,0.260155637422264,0.314758541455902,0.453798992851149,0.371958864646444,0.298601233503349,0.12293047511916,0.0525496183999985,0.0485079852248503,0.122222938423782,0.101549940177603,0.120748784953553,0.1526758025736,0.200152038190538,0.104498029870065,0.141943111055444,0.093594320261451
"cg06368300",24,"cg06368300","17",43065840,43065745,43065876,43065840,"chr17",0.493635101286273,0.351026727495428,0.328968293639242,0.373697222296442,0.422747340279253,0.424767362476697,0.390994161077522,0.428361940387594,0.517687943264149,0.492107024957503,0.402890028147785,0.279815014073188,0.221324464999084,0.256617346013366,0.314260911884565,0.291621581509054,0.31012410286643,0.297388928774653,0.344017777772895,0.278068162983532,0.304731078270137,0.317918362924517
"cg09263059",24,"cg09263059","17",43065876,43065745,43065876,43065876,"chr17",0.605896009437261,0.476098941219257,0.457685176275117,0.476517533592227,0.587846341697404,0.61520371860614,0.518395419423522,0.571968702686282,0.671628342491522,0.614168885614084,0.55281819697293,0.44154855061079,0.377593619010933,0.446799985004912,0.450132534087553,0.440484758506875,0.465349231522287,0.462997884749387,0.493906755388411,0.419320227687589,0.461858136932946,0.466584640798112
"cg12097883",25,"cg12097883","17",62774939,62774939,62774939,62774939,"chr17",0.163414126891653,0.0418202519241036,0.0963640626240739,0.0553218475300279,0.0694075958904298,0.0738604457519273,0.168311730411946,0.121590165690956,0.0692494010299848,0.0588038632360617,0.0914835755440893,0.30784577599885,0.31207600740288,0.308835549576467,0.327448482668787,0.238219063170006,0.250101651949325,0.328530721326202,0.317094385514422,0.151477296936044,0.166907266870347,0.336100008951481
"cg17393635",26,"cg17393635","19",49843565,49843565,49843922,49843565,"chr19",0.66335443258734,0.729328216798439,0.763398847478381,0.757274859624843,0.746399694405463,0.699380583850112,0.70233173456108,0.785006234504865,0.749504178216043,0.76457050380273,0.792112726770103,0.627322869167092,0.556832707853985,0.61027857026064,0.662845883288495,0.660891028265367,0.604759698683321,0.635796205747186,0.586810021100856,0.549048050250805,0.594393516421987,0.64173067257807
"cg16423910",26,"cg16423910","19",49843627,49843565,49843922,49843627,"chr19",0.431162504106291,0.604092900840046,0.463191052380594,0.594076763659493,0.53403467865524,0.473957505375992,0.502818358608011,0.683964827891316,0.584840327662339,0.591080079628086,0.605123974451132,0.307356563610471,0.196727672664501,0.275114745216998,0.364763888173212,0.334934786766971,0.364851510778068,0.34941733793894,0.329049147505015,0.217784095404561,0.324715764781368,0.408966300206824
"cg01468567",26,"cg01468567","19",49843922,49843565,49843922,49843922,"chr19",0.70124693104393,0.727457515947326,0.685133692772981,0.721291342724902,0.77735746567553,0.67542875312398,0.68614791165149,0.809906182613616,0.763410799778579,0.708030939318652,0.752237618923432,0.618333987415358,0.613669508124188,0.644691514482937,0.613482707712452,0.65153248641307,0.648265118475784,0.631121417655024,0.587440458169376,0.61858168295135,0.523648635997899,0.715856496023179
"cg13336690",27,"cg13336690","6",32976484,32976484,32976897,32976484,"chr6",0.656642285270326,0.793220319050705,0.739252098462001,0.721731140038093,0.736879340900868,0.697164778372285,0.725958596981141,0.705216760509205,0.719198084470065,0.733030511241697,0.699075611022591,0.820568487881689,0.749310782965741,0.773964798544242,0.804473140740605,0.770004785703279,0.803033912787328,0.783062022743013,0.775751755390214,0.792920858575542,0.768152789673795,0.829893658365746
"cg23220637",27,"cg23220637","6",32976805,32976484,32976897,32976805,"chr6",0.606808832140638,0.707683405595533,0.632856356671072,0.646645270292458,0.664009693097934,0.585268272939657,0.571873187995161,0.605599046992778,0.638881522755046,0.657581335515105,0.593881075829818,0.776029430845776,0.759162143484687,0.789054856021745,0.842703343010821,0.746518712225016,0.771822813281571,0.780766576917814,0.731363983799515,0.694043133332005,0.768729203553064,0.842261865272314
"cg27213800",27,"cg27213800","6",32976858,32976484,32976897,32976858,"chr6",0.528627708076722,0.660312246824221,0.567116415518886,0.607353664640507,0.612928315872927,0.53506390689225,0.50990801058013,0.527188299966355,0.549989654138014,0.570966842190818,0.505043651809777,0.646371635585527,0.695315381547054,0.715087502799023,0.724649009848893,0.611992612753325,0.69177240049789,0.676261344182203,0.656879235810803,0.611101346103456,0.726975040516715,0.742211894026092
"cg15630950",27,"cg15630950","6",32976897,32976484,32976897,32976897,"chr6",0.469420852794973,0.573680119511638,0.436269264194047,0.443063594031333,0.465674245213267,0.357157199431743,0.379103655011985,0.38626051651144,0.500978130350552,0.421070590387408,0.378793882595759,0.598921956400318,0.687303463849852,0.681817384996492,0.695803684578869,0.566154905180768,0.650590983160518,0.573127513341216,0.615915352152723,0.566246996556571,0.609314157124273,0.69686393449662
"cg15122841",28,"cg15122841","2",240181892,240181892,240181948,240181892,"chr2",0.737555086014712,0.830108553136903,0.690677702516236,0.662638421695793,0.71776236732018,0.791519188063706,0.690459473483243,0.805680724069623,0.732054844047715,0.776811108038166,0.613482151421597,0.871978885408258,0.866087354270009,0.897027351410043,0.895240192786221,0.867405838938589,0.91749481751695,0.918050702852824,0.866500712323875,0.81620544834409,0.909505111341807,0.860746676573167
"cg19286774",28,"cg19286774","2",240181931,240181892,240181948,240181931,"chr2",0.721726731090899,0.715417293854351,0.561443866239048,0.575037503379855,0.5266629070276,0.641486405330516,0.775825640419627,0.760909116987237,0.619611919863628,0.682405667387711,0.549710121204246,0.732620732134095,0.744102873243465,0.790416831928803,0.763991757558893,0.681992475096371,0.822905845106816,0.846511366525287,0.717794568897113,0.678716108591884,0.796186094042973,0.832433764483318
"cg08621673",28,"cg08621673","2",240181948,240181892,240181948,240181948,"chr2",0.67362616832693,0.707544730634263,0.547633673796418,0.501394600775986,0.445868385438213,0.589068550666594,0.670175815745331,0.665834215619921,0.632479498095888,0.65334699109034,0.494339653871562,0.666439796293066,0.68245783622336,0.71087171816051,0.724058263559557,0.682843120775516,0.763428601712821,0.813383043156672,0.63277308298972,0.665448551887629,0.772400872558624,0.769950992531422
"cg25103895",29,"cg25103895","10",64565642,64565642,64565772,64565642,"chr10",0.314280994957169,0.358763498192836,0.484353672947761,0.363746572418587,0.357195230565695,0.409207248319885,0.401285968578773,0.377346883794986,0.371278413949218,0.418547993372083,0.420802327322152,0.50389644853505,0.463152042143064,0.532173951916288,0.465780752346673,0.411363761320025,0.496708477507042,0.463777382384335,0.474946024587949,0.51146202956248,0.474845352797693,0.474222993879035
"cg01005506",29,"cg01005506","10",64565768,64565642,64565772,64565768,"chr10",0.107976651354112,0.12167155043747,0.266979635892429,0.139853323083235,0.139688441768865,0.184505164771028,0.186119851001315,0.169602718506311,0.152857035482002,0.212991063040662,0.197681370141679,0.33044324493127,0.295521360958597,0.336597961868574,0.25407368592335,0.290898241220897,0.307869157034045,0.236920395178001,0.294721787808596,0.292070761423032,0.279979985011533,0.317973304444056
"cg12474798",29,"cg12474798","10",64565772,64565642,64565772,64565772,"chr10",0.100367472710012,0.194207285601128,0.433253821264848,0.197915085731702,0.273167657815753,0.333295582652159,0.274851323251348,0.220625902594306,0.210792909973273,0.324106094976731,0.280476875570311,0.511769583722601,0.461913834020151,0.568046679228105,0.39241461291795,0.516496192530867,0.497033820865319,0.374354705267652,0.490712890829449,0.465202738254235,0.432803758014357,0.47563972904968
"cg07558761",30,"cg07558761","16",87866696,87866696,87866833,87866696,"chr16",0.665287486758714,0.719945518065873,0.600604701824047,0.501687291867078,0.569715687004433,0.655221033894729,0.616274729070891,0.590770611923693,0.618042615593284,0.69152947897767,0.603070453451399,0.729956315585824,0.730649743769575,0.76204786588841,0.74162560827282,0.702957062797591,0.749808549644417,0.75235865354474,0.696445609995647,0.740578322270302,0.749021498271318,0.801782745541234
"cg02203067",30,"cg02203067","16",87866800,87866696,87866833,87866800,"chr16",0.515064405648458,0.66607422318742,0.418236289177334,0.371255356216944,0.385755077969486,0.555080041359758,0.516556728858433,0.494891900892269,0.49681064256041,0.562157172999121,0.436980976937888,0.57113284478715,0.595947572045023,0.635598960891568,0.662081292278732,0.566429411236896,0.631918151018833,0.670495644060488,0.562513497583521,0.536675786330406,0.673339714212114,0.687844407284982
"cg07021906",30,"cg07021906","16",87866833,87866696,87866833,87866833,"chr16",0.676564563642875,0.714633093543148,0.539363765952985,0.455054659566265,0.5573567823496,0.66290856969444,0.574638576297137,0.554860095139947,0.528644923666623,0.678634419513604,0.551958749656994,0.726183912749806,0.724422004626862,0.795293153120957,0.777731089422783,0.731234041964893,0.771797109796616,0.771085691528991,0.713067694663407,0.703512798632596,0.769952677990487,0.833030948386658
"cg00900933",31,"cg00900933","17",37322028,37322028,37322540,37322028,"chr17",0.550228672654997,0.632551879007084,0.479062175823177,0.507901397987401,0.485519211333008,0.513407151602105,0.45636712467445,0.458509999076782,0.504402035162866,0.526826803385415,0.495177584761906,0.404819595944902,0.397263279841387,0.512635225201806,0.47220582070576,0.493222470238606,0.421068869912773,0.381179226528665,0.47030524892154,0.434501771522298,0.434686811824267,0.423254655870485
"cg07330481",31,"cg07330481","17",37322330,37322028,37322540,37322330,"chr17",0.908756764075216,0.896464516241828,0.69806416692816,0.836011643982991,0.771494474459669,0.697983514039082,0.68332338078052,0.68268718197794,0.732752772702209,0.762496940577701,0.773611507782993,0.536246716424294,0.498564330194152,0.671279790556066,0.654160628023487,0.665961902948155,0.509171624740412,0.544912381817998,0.635308636814179,0.593948487952737,0.609395261215969,0.518648935466412
"cg09173348",31,"cg09173348","17",37322431,37322028,37322540,37322431,"chr17",0.742149877709655,0.717465415680403,0.596660165470277,0.746258854019615,0.722675513343619,0.576989886330986,0.628505143532522,0.584945282755532,0.662765652969322,0.68933360328364,0.670910005356209,0.487267474227375,0.469950436928483,0.618279241936359,0.521868828006491,0.661205408955845,0.444184472941532,0.494511997711425,0.518695325591848,0.52551016513411,0.517414619895382,0.473794687166924
"cg06120399",31,"cg06120399","17",37322540,37322028,37322540,37322540,"chr17",0.658401730265146,0.70064132128516,0.62694519475645,0.621164546073112,0.60195384014842,0.626737943325485,0.675585013094012,0.604229867060357,0.620486627487706,0.657556168201136,0.642612751971873,0.560903177160734,0.528022456640811,0.620451817970577,0.568542700668533,0.600174323109493,0.509426416885223,0.584321695984698,0.580341502111498,0.558547141487197,0.538896253127627,0.566336727512652
"cg03010887",32,"cg03010887","16",85600235,85600235,85600639,85600235,"chr16",0.677513961907928,0.72849883381456,0.663753677187143,0.675450892926454,0.676634297491987,0.759065708378341,0.628012437612078,0.712767752910286,0.75015875459212,0.705579966397718,0.630713695380873,0.557623608191294,0.510610582135618,0.453605503620174,0.538054523447328,0.550144087461303,0.524414185534888,0.604122618264504,0.453180989555591,0.555096433728587,0.564387578851647,0.617517137396712
"cg03159676",32,"cg03159676","16",85600536,85600235,85600639,85600536,"chr16",0.699097881542701,0.796734762907641,0.73685038278252,0.797500354668209,0.798256019758337,0.780604846467965,0.777311666038439,0.79017999227688,0.838655236298202,0.824825674030512,0.812912723035447,0.71823257262031,0.621884173462336,0.547007120456592,0.689613290330845,0.705639291779373,0.688360760885351,0.708039060436262,0.616076572670317,0.694071469657971,0.70155949350885,0.730402340057543
"cg16544989",32,"cg16544989","16",85600639,85600235,85600639,85600639,"chr16",0.438185556086952,0.569959986494534,0.484644233943162,0.48898522650762,0.464836408672854,0.601955055292826,0.424189859196959,0.521687510743018,0.547767794535506,0.494707460083331,0.478832008428971,0.348357398092686,0.357678352041951,0.247454667926327,0.356067136485918,0.36790711018376,0.383247258301509,0.432730831521867,0.30712361831612,0.387329641377462,0.389832824161498,0.406994141341673
"cg04063345",33,"cg04063345","6",152130058,152130058,152130332,152130058,"chr6",0.848137402792289,0.913266630020434,0.877232173777306,0.908144567240617,0.880759212695151,0.891319010501243,0.912913042307201,0.915403001691876,0.921365954698362,0.92528975910608,0.887589295382658,0.851446225854147,0.688523949179251,0.85527237881569,0.883794047857338,0.775287487282067,0.700573314728299,0.769371309613281,0.814755476184166,0.82084635756754,0.751151963492094,0.881151501018003
"cg15626350",33,"cg15626350","6",152130207,152130058,152130332,152130207,"chr6",0.909986160716212,0.866422781025675,0.77925923270985,0.923934209557311,0.884197086732293,0.819667926657001,0.926465727234486,0.935154878047491,0.941397528423165,0.934830852144018,0.921790300419913,0.81896102823609,0.585969744605232,0.756953971476359,0.835455492944277,0.750818307189984,0.578090864128913,0.676915283327487,0.688428529952998,0.710202355415589,0.670931649144697,0.885904066906847
"cg00601836",33,"cg00601836","6",152130332,152130058,152130332,152130332,"chr6",0.955564844461144,0.962398714805999,0.952079797506325,0.962339781416739,0.959290178345593,0.958945186530717,0.968177749662738,0.965717323984661,0.964311069360246,0.971658218957834,0.958076256775636,0.966020979974103,0.789600942420728,0.941137966522505,0.951134255528106,0.919496455153318,0.878082466275693,0.871581377748216,0.933950839228851,0.920801932802213,0.941899294096908,0.947494189981956
"cg12996100",34,"cg12996100","8",11470690,11470690,11471571,11470690,"chr8",0.546321145706838,0.56738654661312,0.528755773818462,0.468637065366333,0.514562116223809,0.557988497011602,0.523298267420889,0.55450313765132,0.520739905306917,0.455016760825594,0.532410210515473,0.354568842482723,0.468745937413807,0.436803884820806,0.336555304103048,0.436590794689206,0.305954520417081,0.345865082230923,0.429225348905593,0.293126353167554,0.392516701829149,0.299093232541178
"cg08711378",34,"cg08711378","8",11471054,11470690,11471571,11471054,"chr8",0.42759155707661,0.557681532145262,0.52807978113702,0.378736932353679,0.414135543076377,0.513919936900345,0.444748771278647,0.496141816483525,0.519073566035024,0.418758782154245,0.459670595521158,0.432332564968978,0.488136720116752,0.471054298631774,0.344800617734904,0.364133086710862,0.412820523079939,0.471158978690052,0.426906372254449,0.353076798332262,0.413271109551121,0.430225132695725
"cg08911368",34,"cg08911368","8",11471085,11470690,11471571,11471085,"chr8",0.235258329673665,0.478936869325361,0.299024269248253,0.131034449355089,0.227935561884013,0.466963712222659,0.34990599473204,0.382706880489228,0.379948761490275,0.149268988637682,0.315322977751983,0.130723326168558,0.250689595303458,0.194455481698971,0.0967028462563045,0.149290214703547,0.0900293548565573,0.188121639357267,0.162917233280149,0.0709669563875956,0.142084964328995,0.128610830130229
"cg16284953",34,"cg16284953","8",11471571,11470690,11471571,11471571,"chr8",0.699091115055442,0.850664233312733,0.819264518832416,0.791462468618077,0.756794317067836,0.830430694021318,0.653139065481412,0.78755647885857,0.859214121605343,0.804151386884294,0.790671346438478,0.722903302258728,0.758128060053404,0.798618165286824,0.674354100616677,0.773908322417224,0.753528583115404,0.681341649587355,0.672793020514775,0.72332880521232,0.694531449176319,0.631594496789367
"cg04848343",35,"cg04848343","19",4544095,4544095,4544574,4544095,"chr19",0.604937798167861,0.767746299000144,0.561424750427122,0.521134632017878,0.590316612540028,0.719915389771243,0.710007544005915,0.581029259484086,0.601837656152477,0.654270696562021,0.577591317354622,0.690465351346109,0.72460542099113,0.778962588961933,0.711636861013709,0.68388019054774,0.726616894331648,0.744911895908332,0.704534104782393,0.621078738695981,0.760779622243592,0.728050959819794
"cg02715602",35,"cg02715602","19",4544446,4544095,4544574,4544446,"chr19",0.689311127299185,0.815972958744878,0.609232303306986,0.492264678252921,0.654742093680957,0.826402460068378,0.797269018844696,0.626000754100625,0.626795577109073,0.758482181151043,0.600583381885352,0.855215041033495,0.88425667454955,0.923547823247803,0.930231182625314,0.936733356854119,0.928421447674465,0.920619771548864,0.894114533589608,0.779961060122079,0.887127814350146,0.93333408446035
"cg16972240",35,"cg16972240","19",4544574,4544095,4544574,4544574,"chr19",0.754885084511608,0.88053284472147,0.77521837135769,0.701394986192032,0.795672167400702,0.845442569481525,0.830367389797702,0.701904520717355,0.759490039211205,0.772809309744671,0.713314236472127,0.876778153601668,0.842329444252048,0.850385191072534,0.867438180314598,0.864427641766779,0.903540056307058,0.85407668561893,0.859777955884615,0.812325548022478,0.894874310196783,0.887924658030098
"cg07652628",36,"cg07652628","12",53343514,53343514,53343849,53343514,"chr12",0.760108672454196,0.945996499400739,0.757009878709647,0.884175029651693,0.882840472531524,0.901996273670414,0.821861609193756,0.873902145986401,0.901673157849221,0.876815332754914,0.828948468303195,0.67971204279924,0.63709761293885,0.77452828934492,0.748063929118491,0.691818658929248,0.764494394400895,0.833661847296444,0.716824384709306,0.646252185096268,0.733694991458909,0.740028239406031
"cg14212748",36,"cg14212748","12",53343703,53343514,53343849,53343703,"chr12",0.592243473471196,0.880196623330473,0.641861738104601,0.690929849844821,0.739734887905731,0.762339128606271,0.683265534768449,0.707740622772941,0.747165965101924,0.766946688471033,0.677288518739459,0.58910396252432,0.545187928930021,0.649948559991978,0.662180973526174,0.598448670615866,0.68235275241416,0.722778736931551,0.635398516500777,0.556997323782106,0.65847232465408,0.66360993682924
"cg04799958",36,"cg04799958","12",53343849,53343514,53343849,53343849,"chr12",0.664435162067468,0.926318556591267,0.71458814880215,0.847231427661419,0.829196319132858,0.820884695615756,0.763853019132291,0.815835522906204,0.840037716739121,0.866620564712799,0.762515683421061,0.645561800205202,0.526245149333822,0.669968926419961,0.620926045826094,0.631985247251353,0.641340461988856,0.711324751040693,0.682780986047383,0.565311821594825,0.661969145890106,0.624638663349818
"cg07726288",37,"cg07726288","1",248855278,248855278,248855545,248855278,"chr1",0.53306248281093,0.516604681666272,0.595615185441361,0.526791010595159,0.560581583787652,0.658607089625112,0.504192823696477,0.619213173390415,0.726180721302644,0.68531846131914,0.630434466372809,0.523729482207527,0.507220153100887,0.526853670675127,0.456785005245833,0.520786391194204,0.491934311055282,0.473149303198859,0.522729741708513,0.429513656137356,0.417966622368289,0.467123693767502
"cg08121453",37,"cg08121453","1",248855364,248855278,248855545,248855364,"chr1",0.850691628301179,0.83336385353785,0.89529525113749,0.860716528411866,0.857789609569757,0.920174521875183,0.85168541738086,0.908614712697513,0.907162118603993,0.929639366464357,0.909473633350101,0.800509636202411,0.7621454040027,0.824339034696963,0.775943178568901,0.81458134609341,0.72800833024411,0.798934680826164,0.824544109986469,0.654927577044693,0.729055455419827,0.721595499960623
"cg06362358",37,"cg06362358","1",248855545,248855278,248855545,248855545,"chr1",0.679785172091501,0.660285178372486,0.683488086250217,0.739159259357231,0.718808676436611,0.797502766055393,0.613929917570337,0.718887859679668,0.832548182880731,0.842830919103177,0.777349527906961,0.625924144545953,0.621446247530985,0.628454513535592,0.536553102677833,0.684918239852807,0.571584830616332,0.60605127847023,0.696073956283052,0.536094895998264,0.550072430856291,0.564943710974522
"cg25375916",38,"cg25375916","3",155570275,155570275,155570809,155570275,"chr3",0.288632934460824,0.578083141249764,0.155046516313351,0.126983064063133,0.240425401365188,0.399687015358437,0.33435886995369,0.28972258832066,0.366444769895609,0.322468630948201,0.207000781087065,0.383872139490999,0.339029737234238,0.378515642233707,0.468916730926284,0.260441545876579,0.486507856709497,0.540469022173483,0.364625447539129,0.342612762169504,0.567746408341509,0.522770380462827
"cg03876340",38,"cg03876340","3",155570582,155570275,155570809,155570582,"chr3",0.516985373622462,0.588117694100788,0.482894751218782,0.505065006194766,0.603799980438251,0.494402560370961,0.678325127409322,0.466400433161488,0.615048352350625,0.518722467847488,0.54320991924923,0.73703322659176,0.655710130294706,0.82355570094842,0.766226262162836,0.686023461669852,0.737257422605507,0.64088191194847,0.662170215574191,0.626433996567524,0.735393364943688,0.772038200546122
"cg15451248",38,"cg15451248","3",155570809,155570275,155570809,155570809,"chr3",0.620130837084995,0.637821988276382,0.60813886021747,0.582807977191789,0.737687016689191,0.631182643631334,0.751381805624198,0.755592255694224,0.728122640576536,0.679246842916323,0.671238286004229,0.725825607329717,0.728669446478069,0.786827678308794,0.73238401543503,0.724527569753577,0.722064181379407,0.75510599609651,0.689661989756935,0.695339008051179,0.749066512028929,0.738445945458874
"cg00232832",39,"cg00232832","15",30163660,30163660,30163825,30163660,"chr15",0.707458444065578,0.603224662558574,0.517214457480942,0.716869632504288,0.588999940887412,0.58663729397035,0.681822489957749,0.603261205007135,0.672854850680577,0.604835675679315,0.63395909229982,0.759120049962033,0.70924350313481,0.710474910380893,0.762692287014693,0.742086513103135,0.641038229801561,0.752492303410446,0.69360803058847,0.768853320580407,0.717581431433255,0.756934854457078
"cg04635635",39,"cg04635635","15",30163726,30163660,30163825,30163726,"chr15",0.667682508756219,0.590522483823973,0.510913544366876,0.591870636544109,0.584930731848376,0.566072602562053,0.583848113756225,0.573368616971327,0.642177495407112,0.572590358080238,0.577574744647304,0.746974304654402,0.703522031025186,0.763357353952404,0.775536476098087,0.707416723276566,0.608612228931672,0.71157308395198,0.664114256190136,0.771256955427422,0.680241886361461,0.729975696079473
"cg23256343",39,"cg23256343","15",30163825,30163660,30163825,30163825,"chr15",0.699462591628106,0.531104431230571,0.471304122659637,0.65003822096073,0.5752142482544,0.512148123086149,0.622196608652935,0.587718935012018,0.723801725541647,0.621724735273793,0.62910949505013,0.806150873364179,0.713381499918811,0.744899576270594,0.765963176467302,0.72088433073712,0.604558200811976,0.730493428467136,0.653451524983201,0.76106344678296,0.758339344914758,0.749551028141553
"cg16065768",40,"cg16065768","12",114107712,114107712,114107803,114107712,"chr12",0.487424415576061,0.558581847153793,0.497071220971201,0.512201588202675,0.527305547781268,0.515264145250302,0.484267410149753,0.502326022514926,0.472344493341948,0.542372503089766,0.481503111020057,0.360306532208725,0.421933090353343,0.410573479472638,0.350232622754172,0.276818263827582,0.351649882852003,0.287368872526834,0.442985251647949,0.27615806707485,0.332208780795178,0.321669243420104
"cg11150683",40,"cg11150683","12",114107765,114107712,114107803,114107765,"chr12",0.447823828058571,0.547048254615558,0.468460725009964,0.494483896792156,0.455047418044484,0.526021045270035,0.451273522616042,0.45624263874902,0.467929267032885,0.523694774952496,0.462339403112695,0.410774363620148,0.46717331484957,0.436812820670904,0.461516406772756,0.387006312217523,0.430118202025221,0.363344332429877,0.463721900415108,0.405214603615681,0.427480073505863,0.424001051176271
"cg02726930",40,"cg02726930","12",114107803,114107712,114107803,114107803,"chr12",0.407549264743888,0.464643922623167,0.409573424767993,0.426786013495329,0.428793894791243,0.429914936496522,0.392296099891313,0.331025793508075,0.375237781650907,0.472525942642031,0.425018187903696,0.312388461057427,0.364957608254067,0.359805243598201,0.331067142939478,0.205220714092364,0.305475752152214,0.175279782311508,0.409459510590699,0.268341221830811,0.294552490187096,0.359578295687095
"cg03534375",41,"cg03534375","3",57743163,57743163,57743377,57743163,"chr3",0.341854999507144,0.450307458838715,0.361466932336248,0.419188189418823,0.538491794953375,0.312660783752906,0.306249111795845,0.250061484269773,0.431417160626266,0.350725399845824,0.404431695161116,0.552574818600335,0.532400921156822,0.623931150623411,0.527342531114542,0.54801794185055,0.563781804986147,0.476399436397294,0.54155917053918,0.546194863355004,0.627604127818309,0.658441425109174
"cg11339849",41,"cg11339849","3",57743171,57743163,57743377,57743171,"chr3",0.40206044762392,0.391919310544775,0.402168085320819,0.425413528724124,0.364932131387619,0.340440221740913,0.386586994528703,0.307760433638076,0.411607354333052,0.35929629834063,0.344647875716281,0.427885659681989,0.464672925447693,0.556344100958659,0.4883718128845,0.446966301149965,0.453314854956704,0.569561409585309,0.447271298050899,0.48125259577001,0.437645563928841,0.600466164988062
"cg15172734",41,"cg15172734","3",57743377,57743163,57743377,57743377,"chr3",0.877026572372408,0.89712862373123,0.758639252945931,0.901062660081754,0.915529400878673,0.841539128894489,0.883019127332111,0.824351686097487,0.881095895885566,0.865543487749166,0.837073197988611,0.901861165599963,0.923110705441986,0.948080577339759,0.926359926958644,0.907446263763677,0.885797931039082,0.913847315375406,0.921622782325929,0.890678250035233,0.901503655378296,0.939132102982964
"cg06951627",42,"cg06951627","6",26196580,26196580,26196794,26196580,"chr6",0.543298537988352,0.503822562470971,0.621287580779134,0.654599933585487,0.565954819131113,0.535619819824451,0.583610309182609,0.487001717712432,0.493725042874543,0.549705859029698,0.598981531583975,0.674086193389639,0.646947983301287,0.691983502365353,0.602193798661755,0.636323105364565,0.666658793154453,0.575157653191197,0.625429298449123,0.710314848082972,0.645669279645254,0.665633240672148
"cg11342453",42,"cg11342453","6",26196699,26196580,26196794,26196699,"chr6",0.0821058082268228,0.15845237790626,0.182456420795368,0.178391523976312,0.124206107543576,0.162977304256282,0.183789005988869,0.137699484067455,0.125699575514562,0.165327570967664,0.169295971093245,0.27190751265487,0.239451718951245,0.326229379787048,0.216201624282516,0.256862676239422,0.25816289773033,0.207617452578892,0.253936987227768,0.358858929144505,0.243545023669646,0.271341912677125
"cg03785755",42,"cg03785755","6",26196794,26196580,26196794,26196794,"chr6",0.408215131150523,0.363025052761367,0.472573232270345,0.496821739609056,0.417033155848153,0.384503670983425,0.410000259319657,0.354732448210784,0.393128471292675,0.428456449019861,0.42408276094438,0.522738214862529,0.505875588214157,0.58797883504804,0.486226718260216,0.569970945523738,0.534438591260451,0.480555949919916,0.519546350004852,0.611563705840622,0.508220598120119,0.588160483917499
